Name,Maths,Science,English,Attendance,Average,Grade
Asha,78,85,82,90,81.66666666666667,B
Ravi,65,70,60,75,65.0,C
Meena,90,92,88,95,90.0,A
Arun,55,60,58,70,57.666666666666664,C
Divya,88,84,91,92,87.66666666666667,A
